[
{
    "model": "articles.article",
    "pk": 1,
    "fields": {
        "user": 1,
        "title": "title",
        "content": "content",
        "created_at": "2023-07-04T08:21:53.976Z",
        "updated_at": "2023-07-04T08:21:53.976Z",
        "like_users": [
            1
        ]
    }
},
{
    "model": "articles.article",
    "pk": 2,
    "fields": {
        "user": 1,
        "title": "첫번째 게시글",
        "content": "테스트",
        "created_at": "2023-07-04T12:59:07.671Z",
        "updated_at": "2023-07-04T12:59:07.671Z",
        "like_users": []
    }
},
{
    "model": "articles.article",
    "pk": 3,
    "fields": {
        "user": 1,
        "title": "두번째 게시글",
        "content": "테스트",
        "created_at": "2023-07-04T12:59:57.331Z",
        "updated_at": "2023-07-04T12:59:57.331Z",
        "like_users": []
    }
},
{
    "model": "articles.article",
    "pk": 4,
    "fields": {
        "user": 1,
        "title": "세번째 게시글",
        "content": "테스트",
        "created_at": "2023-07-04T13:04:08.680Z",
        "updated_at": "2023-07-04T13:04:08.680Z",
        "like_users": []
    }
}
]
