[
{
    "model": "articles.comment",
    "pk": 1,
    "fields": {
        "article": 1,
        "user": 1,
        "content": "first comment",
        "created_at": "2023-07-04T08:22:19.056Z",
        "updated_at": "2023-07-04T08:22:19.056Z"
    }
},
{
    "model": "articles.comment",
    "pk": 2,
    "fields": {
        "article": 1,
        "user": 1,
        "content": "second comment",
        "created_at": "2023-07-04T08:22:31.584Z",
        "updated_at": "2023-07-04T08:22:31.584Z"
    }
},
{
    "model": "articles.comment",
    "pk": 3,
    "fields": {
        "article": 1,
        "user": 1,
        "content": "third comment.",
        "created_at": "2023-07-04T13:20:11.729Z",
        "updated_at": "2023-07-04T13:20:11.729Z"
    }
}
]
