[
{
    "model": "libraries.review",
    "pk": 1,
    "fields": {
        "book": 1,
        "content": "과학 이야기 좋아요",
        "score": 5,
        "created_at": "2024-03-08T01:39:34.506Z",
        "updated_at": "2024-03-08T01:39:34.506Z"
    }
},
{
    "model": "libraries.review",
    "pk": 2,
    "fields": {
        "book": 2,
        "content": "마음이 따듯해 져요",
        "score": 5,
        "created_at": "2024-03-08T01:40:16.875Z",
        "updated_at": "2024-03-08T01:40:16.875Z"
    }
},
{
    "model": "libraries.review",
    "pk": 3,
    "fields": {
        "book": 3,
        "content": "흥미로워요",
        "score": 5,
        "created_at": "2024-03-08T01:40:44.185Z",
        "updated_at": "2024-03-08T01:40:44.186Z"
    }
}
]
