[
{
    "model": "libraries.book",
    "pk": 1,
    "fields": {
        "isbn": "K992834571",
        "author": "국립과천과학관 박은지 (지은이), 김정진 (그림)",
        "title": "과학이 톡톡 쌓이다! 사이다 7 - 시간×이상한 나라의 앨리스"
    }
},
{
    "model": "libraries.book",
    "pk": 2,
    "fields": {
        "isbn": "K092834570",
        "author": "김건희, 김지연 (지은이)",
        "title": "당신을 보면 이해받는 기분이 들어요"
    }
},
{
    "model": "libraries.book",
    "pk": 3,
    "fields": {
        "isbn": "K292834477",
        "author": "소피 비시에르 (지은이), 김이슬 (옮긴이)",
        "title": "기막힌 항해"
    }
},
{
    "model": "libraries.book",
    "pk": 4,
    "fields": {
        "isbn": "K902834476",
        "author": "김다은 (지은이)",
        "title": "촌캉스 - 스위스보다 더 좋은 우리나라 시골 여행지"
    }
},
{
    "model": "libraries.book",
    "pk": 5,
    "fields": {
        "isbn": "K542834473",
        "author": "송희경 (지은이), 이소영 (그림)",
        "title": "화가의 집, 박노수미술관 - 동양화를 알려 주는 빨간 벽돌집과 비밀의 정원"
    }
},
{
    "model": "libraries.book",
    "pk": 6,
    "fields": {
        "isbn": "K932834470",
        "author": "헤이든 핀치 (지은이), 이은정 (옮긴이)",
        "title": "[세트] 게으른 완벽주의자를 위한 심리학 + 시작의 습관 - 전2권"
    }
},
{
    "model": "libraries.book",
    "pk": 7,
    "fields": {
        "isbn": "K302834479",
        "author": "마거릿 케네디 (지은이), 박경희 (옮긴이)",
        "title": "휴가지에서 생긴 일"
    }
},
{
    "model": "libraries.book",
    "pk": 8,
    "fields": {
        "isbn": "K632834771",
        "author": "이영훈, 최선미(메이) (지은이)",
        "title": "잘 먹어도 쏙 빠지는 초간단 키토 레시피 - 한국인 입맛에 딱 맞는 저탄수 다이어트 요리"
    }
},
{
    "model": "libraries.book",
    "pk": 9,
    "fields": {
        "isbn": "8963475611",
        "author": "박노자, 김덕민, 사요네 마줌다르, 안잔 차크라바티, 정성진, 권정임, 임춘성, 장대업, 에하라 케이, 사이토 고헤이, 사사키 류지, 한상원, 김현강 (지은이), 정성진 (엮은이), 김미경, 김민정, 김종현, 권오범 (옮긴이)",
        "title": "동아시아 마르크스주의 - 과거, 현재, 미래"
    }
},
{
    "model": "libraries.book",
    "pk": 10,
    "fields": {
        "isbn": "K662834771",
        "author": "김희순 (지은이)",
        "title": "라 프론테라 - 미국-멕시코 국경을 사이에 둔 두 세계의 조우"
    }
}
]
