[
{
    "model": "artists.artist",
    "pk": 1,
    "fields": {
        "name": "tviwe",
        "agency": "asdf",
        "debut_date": "2013-10-22",
        "is_group": true
    }
},
{
    "model": "artists.artist",
    "pk": 2,
    "fields": {
        "name": "bts",
        "agency": "asdgfas",
        "debut_date": "2013-01-22",
        "is_group": false
    }
},
{
    "model": "artists.artist",
    "pk": 3,
    "fields": {
        "name": "bigbang",
        "agency": "YG",
        "debut_date": "2006-09-02",
        "is_group": true
    }
},
{
    "model": "artists.artist",
    "pk": 4,
    "fields": {
        "name": "GrilsGenerations",
        "agency": "SM",
        "debut_date": "2008-10-10",
        "is_group": true
    }
},
{
    "model": "artists.artist",
    "pk": 5,
    "fields": {
        "name": "Gummy",
        "agency": "YG",
        "debut_date": "2003-07-30",
        "is_group": false
    }
},
{
    "model": "artists.artist",
    "pk": 6,
    "fields": {
        "name": "IU",
        "agency": "EDAMent",
        "debut_date": "2009-01-30",
        "is_group": false
    }
}
]
